Date,Open,High,Low,Close,Adj Close,Volume
2019-09-18,0.020315,0.021250,0.020401,0.020728,0.020728,901590
2019-09-19,0.020714,0.021709,0.019937,0.021554,0.021554,1034448
2019-09-20,0.021533,0.021765,0.021132,0.021416,0.021416,788475
2019-09-21,0.021401,0.022052,0.021458,0.021509,0.021509,772807
2019-09-22,0.021506,0.021458,0.020619,0.021007,0.021007,775824
2019-09-23,0.021023,0.021773,0.020750,0.020754,0.020754,770318
2019-09-24,0.020746,0.023606,0.018877,0.019501,0.019501,1363917
2019-09-25,0.019504,0.020587,0.019431,0.020136,0.020136,1150776
2019-09-26,0.020120,0.021147,0.019353,0.020536,0.020536,966661
2019-09-27,0.020526,0.021281,0.019779,0.021172,0.021172,958490
2019-09-28,0.021169,0.021317,0.020710,0.021171,0.021171,836223
2019-09-29,0.021176,0.021620,0.020606,0.021039,0.021039,801695
2019-09-30,0.021034,0.021687,0.020140,0.021687,0.021687,910663
2019-10-01,0.021728,0.022179,0.021072,0.021255,0.021255,920055
2019-10-02,0.021242,0.021545,0.020890,0.021531,0.021531,754863
2019-10-03,0.021530,0.021889,0.020896,0.021211,0.021211,772568
2019-10-04,0.021215,0.021759,0.021151,0.021568,0.021568,761513
2019-10-05,0.021563,0.021801,0.021232,0.021634,0.021634,716090
2019-10-06,0.021636,0.022203,0.021444,0.021664,0.021664,732696
2019-10-07,0.021650,0.022116,0.020802,0.021974,0.021974,951331
2019-10-08,0.021965,0.022404,0.021769,0.022120,0.022120,907337
2019-10-09,0.022122,0.022604,0.021018,0.022487,0.022487,1057282
2019-10-10,0.022475,0.022582,0.021931,0.022321,0.022321,975478
2019-10-11,0.022338,0.023471,0.021830,0.021939,0.021939,1096947
2019-10-12,0.021935,0.022348,0.021590,0.021691,0.021691,898972
2019-10-13,0.021695,0.022242,0.021670,0.021881,0.021881,809179
2019-10-14,0.021876,0.022365,0.021692,0.022325,0.022325,868871
2019-10-15,0.022326,0.022883,0.021871,0.022108,0.022108,942244
2019-10-16,0.022101,0.022574,0.021630,0.021872,0.021872,955728
2019-10-17,0.021859,0.022076,0.021541,0.021968,0.021968,831356
2019-10-18,0.021963,0.022347,0.021447,0.021776,0.021776,948960
2019-10-19,0.021779,0.021982,0.021558,0.021645,0.021645,820104
2019-10-20,0.021653,0.021493,0.020823,0.021349,0.021349,827174
2019-10-21,0.021348,0.021561,0.021021,0.021219,0.021219,826789
2019-10-22,0.021217,0.021744,0.021325,0.021329,0.021329,865409
2019-10-23,0.021324,0.022945,0.020954,0.021611,0.021611,1280818
2019-10-24,0.021626,0.021905,0.021470,0.021641,0.021641,974302
2019-10-25,0.021644,0.021130,0.018701,0.020959,0.020959,1196046
2019-10-26,0.020976,0.021194,0.019052,0.019452,0.019452,1496141
2019-10-27,0.019463,0.019699,0.018602,0.019289,0.019289,1132356
2019-10-28,0.019305,0.020298,0.019473,0.019734,0.019734,1124305
2019-10-29,0.019735,0.020349,0.019343,0.020190,0.020190,1126762
2019-10-30,0.020189,0.020760,0.019721,0.020063,0.020063,1138954
2019-10-31,0.020074,0.020517,0.019574,0.019997,0.019997,1044388
2019-11-01,0.019980,0.019982,0.019554,0.019865,0.019865,987529
2019-11-02,0.019870,0.019916,0.019604,0.019725,0.019725,867371
2019-11-03,0.019732,0.020034,0.019471,0.019753,0.019753,948556
2019-11-04,0.019741,0.019976,0.019317,0.019798,0.019798,1121040
2019-11-05,0.019794,0.020472,0.019730,0.020263,0.020263,1072962
2019-11-06,0.020242,0.020676,0.020155,0.020468,0.020468,1084990
2019-11-07,0.020458,0.020702,0.020131,0.020283,0.020283,979896
2019-11-08,0.020278,0.021444,0.020732,0.020922,0.020922,1042238
2019-11-09,0.020933,0.021085,0.020866,0.020994,0.020994,825705
2019-11-10,0.020984,0.021083,0.020395,0.020924,0.020924,966568
2019-11-11,0.020927,0.021734,0.021134,0.021180,0.021180,899476
2019-11-12,0.021189,0.021320,0.020894,0.021194,0.021194,883903
2019-11-13,0.021206,0.021495,0.021109,0.021373,0.021373,833669
2019-11-14,0.021375,0.021662,0.021244,0.021359,0.021359,904063
2019-11-15,0.021366,0.021933,0.021123,0.021258,0.021258,1038117
2019-11-16,0.021255,0.021537,0.021049,0.021442,0.021442,794068
2019-11-17,0.021443,0.021939,0.021256,0.021581,0.021581,858516
2019-11-18,0.021572,0.022496,0.021563,0.021730,0.021730,937224
2019-11-19,0.021723,0.022243,0.021350,0.021625,0.021625,918421
2019-11-20,0.021620,0.022298,0.021837,0.021888,0.021888,897663
2019-11-21,0.021885,0.023056,0.020852,0.021126,0.021126,1118232
2019-11-22,0.021132,0.022343,0.019508,0.020594,0.020594,1647450
2019-11-23,0.020587,0.020831,0.019952,0.020738,0.020738,1120496
2019-11-24,0.020740,0.021846,0.020266,0.020266,0.020266,1104265
2019-11-25,0.020247,0.021019,0.018724,0.020497,0.020497,1534082
2019-11-26,0.020487,0.020781,0.020118,0.020637,0.020637,1059590
2019-11-27,0.020558,0.020565,0.019056,0.020316,0.020316,1165492
2019-11-28,0.020323,0.020985,0.020245,0.020329,0.020329,984380
2019-11-29,0.020336,0.020209,0.019515,0.020010,0.020010,966842
2019-11-30,0.020008,0.020700,0.019978,0.020152,0.020152,867407
2019-12-01,0.020145,0.020540,0.019809,0.020364,0.020364,956695
2019-12-02,0.020362,0.020775,0.020159,0.020358,0.020358,911031
2019-12-03,0.020358,0.020534,0.019945,0.020212,0.020212,847576
2019-12-04,0.020207,0.020778,0.019995,0.020235,0.020235,1084652
2019-12-05,0.020227,0.020562,0.019529,0.020038,0.020038,905697
2019-12-06,0.020058,0.019832,0.019558,0.019769,0.019769,855806
2019-12-07,0.019769,0.019825,0.019636,0.019688,0.019688,782298
2019-12-08,0.019685,0.020146,0.019607,0.019997,0.019997,851591
2019-12-09,0.019992,0.020526,0.019946,0.020028,0.020028,911269
2019-12-10,0.020022,0.020412,0.019910,0.020097,0.020097,942484
2019-12-11,0.020104,0.020387,0.019819,0.019897,0.019897,975026
2019-12-12,0.019898,0.020123,0.019527,0.020102,0.020102,1089360
2019-12-13,0.020109,0.020064,0.019773,0.019938,0.019938,999330
2019-12-14,0.019939,0.020426,0.019992,0.020053,0.020053,989248
2019-12-15,0.020052,0.020123,0.019494,0.020010,0.020010,1011584
2019-12-16,0.020013,0.020660,0.019107,0.019274,0.019274,1297123
2019-12-17,0.019278,0.020181,0.018281,0.018463,0.018463,1363925
2019-12-18,0.018471,0.018331,0.016461,0.018290,0.018290,1630458
2019-12-19,0.018285,0.018630,0.017489,0.017954,0.017954,1327906
2019-12-20,0.017963,0.017975,0.017591,0.017879,0.017879,1132262
2019-12-21,0.017883,0.017959,0.017746,0.017818,0.017818,1035864
2019-12-22,0.017813,0.017727,0.017031,0.017622,0.017622,1214265
2019-12-23,0.017614,0.018317,0.017322,0.017485,0.017485,1308182
2019-12-24,0.017487,0.017982,0.017386,0.017626,0.017626,1087304
2019-12-25,0.017626,0.017741,0.017166,0.017382,0.017382,1157091
2019-12-26,0.017386,0.018082,0.017324,0.017456,0.017456,1188135
2019-12-27,0.017457,0.017571,0.017122,0.017450,0.017450,1138448
2019-12-28,0.017450,0.017800,0.017341,0.017535,0.017535,1102666
2019-12-29,0.017528,0.018432,0.017244,0.018155,0.018155,1307993
2019-12-30,0.018160,0.018752,0.018037,0.018186,0.018186,1343337
2019-12-31,0.018184,0.018591,0.017905,0.018018,0.018018,1242336
2020-01-01,0.018020,0.018449,0.017944,0.018167,0.018167,1102089
2020-01-02,0.018169,0.018727,0.018174,0.018239,0.018239,1149917
2020-01-03,0.018239,0.018319,0.017222,0.018267,0.018267,1426414
2020-01-04,0.018267,0.018359,0.017953,0.018226,0.018226,1002732
2020-01-05,0.018227,0.018810,0.018222,0.018388,0.018388,1015565
2020-01-06,0.018392,0.018577,0.017515,0.018574,0.018574,1170484
2020-01-07,0.018575,0.017762,0.017209,0.017583,0.017583,1134040
2020-01-08,0.017576,0.018172,0.017113,0.017483,0.017483,1161801
2020-01-09,0.017470,0.017946,0.017291,0.017639,0.017639,976933
2020-01-10,0.017637,0.017653,0.016595,0.017628,0.017628,1112442
2020-01-11,0.017561,0.018225,0.017693,0.017782,0.017782,1161078
2020-01-12,0.017796,0.017839,0.017419,0.017806,0.017806,1040973
2020-01-13,0.017848,0.018024,0.017547,0.017709,0.017709,1028773
2020-01-14,0.017712,0.018995,0.016320,0.018799,0.018799,1893154
2020-01-15,0.018774,0.019351,0.018293,0.018875,0.018875,1722911
2020-01-16,0.018886,0.019150,0.018307,0.018844,0.018844,1574453
2020-01-17,0.018855,0.019383,0.018230,0.019126,0.019126,1679587
2020-01-18,0.019123,0.019963,0.018651,0.019610,0.019610,1669424
2020-01-19,0.019621,0.020359,0.018800,0.019178,0.019178,1575119
2020-01-20,0.019171,0.019534,0.018750,0.019303,0.019303,1287248
2020-01-21,0.019296,0.019427,0.018960,0.019403,0.019403,1119310
2020-01-22,0.019393,0.019699,0.019212,0.019387,0.019387,1060933
2020-01-23,0.019387,0.020022,0.019068,0.019381,0.019381,1236763
2020-01-24,0.019378,0.019455,0.018560,0.019306,0.019306,1261945
2020-01-25,0.019308,0.019506,0.018957,0.019274,0.019274,986748
2020-01-26,0.019261,0.019568,0.018644,0.019551,0.019551,1077358
2020-01-27,0.019543,0.019408,0.018732,0.019185,0.019185,1235095
2020-01-28,0.019179,0.018846,0.018244,0.018846,0.018846,1257975
2020-01-29,0.018843,0.019196,0.018789,0.018789,0.018789,1151196
2020-01-30,0.018775,0.019588,0.018128,0.019423,0.019423,1325565
2020-01-31,0.019428,0.019828,0.018854,0.019267,0.019267,1254326
2020-02-01,0.019262,0.019573,0.019136,0.019555,0.019555,1231752
2020-02-02,0.019540,0.020663,0.019282,0.020185,0.020185,1504054
2020-02-03,0.020184,0.020814,0.020231,0.020430,0.020430,1333496
2020-02-04,0.020429,0.020816,0.020194,0.020613,0.020613,1275922
2020-02-05,0.020619,0.021512,0.019634,0.021244,0.021244,1546320
2020-02-06,0.021234,0.022056,0.020751,0.021824,0.021824,1688173
2020-02-07,0.021821,0.022779,0.021673,0.022737,0.022737,1702076
2020-02-08,0.022715,0.022969,0.021833,0.022620,0.022620,1697010
2020-02-09,0.022603,0.022721,0.022041,0.022594,0.022594,1485800
2020-02-10,0.022591,0.023252,0.022125,0.022677,0.022677,1644582
2020-02-11,0.022663,0.023172,0.021416,0.023104,0.023104,1661864
2020-02-12,0.023109,0.026380,0.022845,0.025703,0.025703,2377002
2020-02-13,0.025668,0.026800,0.025349,0.026247,0.026247,2525980
2020-02-14,0.026240,0.027643,0.025481,0.027562,0.027562,2284522
2020-02-15,0.027595,0.029033,0.026723,0.026769,0.026769,2394725
2020-02-16,0.026787,0.027468,0.024408,0.026161,0.026161,2531837
2020-02-17,0.026161,0.027586,0.025006,0.027488,0.027488,2685624
2020-02-18,0.027503,0.027921,0.027126,0.027800,0.027800,2614029
2020-02-19,0.027809,0.027865,0.026965,0.026965,0.026965,2354251
2020-02-20,0.026971,0.027365,0.026127,0.026846,0.026846,2417639
2020-02-21,0.026840,0.027491,0.026623,0.027420,0.027420,2154310
2020-02-22,0.027415,0.027470,0.026924,0.027148,0.027148,1749531
2020-02-23,0.027142,0.027584,0.027093,0.027584,0.027584,1973497
2020-02-24,0.027579,0.027688,0.027184,0.027483,0.027483,2321289
2020-02-25,0.027490,0.027511,0.026426,0.026528,0.026528,2342065
2020-02-26,0.026520,0.026698,0.025371,0.025586,0.025586,2974384
2020-02-27,0.025587,0.026565,0.024785,0.025813,0.025813,2919408
2020-02-28,0.025840,0.026350,0.025416,0.026147,0.026147,2601747
2020-02-29,0.026156,0.026522,0.025565,0.025565,0.025565,2114225
2020-03-01,0.025554,0.026015,0.025267,0.025573,0.025573,2123201
2020-03-02,0.025543,0.026231,0.025448,0.025995,0.025995,2289328
2020-03-03,0.025990,0.026112,0.025371,0.025545,0.025545,2259179
2020-03-04,0.025554,0.025918,0.025435,0.025644,0.025644,1892246
2020-03-05,0.025658,0.025650,0.025658,0.025253,0.025253,2004821
2020-03-06,0.025242,0.026706,0.025313,0.026695,0.026695,2123834
2020-03-07,0.026720,0.027332,0.026673,0.026695,0.026695,2180893
2020-03-08,0.026687,0.026687,0.024632,0.024752,0.024752,2637089
2020-03-09,0.024829,0.026024,0.024943,0.025492,0.025492,2984161
2020-03-10,0.025602,0.025291,0.025277,0.025382,0.025382,2319287
2020-03-11,0.025382,0.025581,0.024087,0.024631,0.024631,2146867
2020-03-12,0.024615,0.024624,0.022129,0.022601,0.022601,4452964
2020-03-13,0.022670,0.031934,0.022205,0.023941,0.023941,5008284
2020-03-14,0.024010,0.023907,0.023638,0.023711,0.023711,2449978
2020-03-15,0.023699,0.022706,0.023432,0.023221,0.023221,2358774
2020-03-16,0.023180,0.023180,0.022795,0.022057,0.022057,3187749
2020-03-17,0.022018,0.022289,0.022018,0.021805,0.021805,2313117
2020-03-18,0.021788,0.021795,0.021931,0.021923,0.021923,2217809
2020-03-19,0.021923,0.022250,0.021902,0.022063,0.022063,2648400
2020-03-20,0.022072,0.022126,0.020507,0.021413,0.021413,3058730
2020-03-21,0.021472,0.021350,0.021424,0.021474,0.021474,2212439
2020-03-22,0.021479,0.021445,0.021097,0.021152,0.021152,2143595
2020-03-23,0.021160,0.021026,0.021022,0.021026,0.021026,2205297
2020-03-24,0.021070,0.020967,0.020717,0.020604,0.020604,2169190
2020-03-25,0.020626,0.020531,0.020365,0.020385,0.020385,2010622
2020-03-26,0.020385,0.020657,0.020417,0.020600,0.020600,1692453
2020-03-27,0.020602,0.020624,0.020702,0.020702,0.020702,1761459
2020-03-28,0.020717,0.020717,0.020683,0.020984,0.020984,1948418
2020-03-29,0.020989,0.021036,0.021085,0.021206,0.021206,1678160
2020-03-30,0.021205,0.020663,0.021210,0.020670,0.020670,1841589
2020-03-31,0.020657,0.020828,0.020497,0.020749,0.020749,1718568
2020-04-01,0.020752,0.020530,0.020912,0.020530,0.020530,1885422
2020-04-02,0.020544,0.020739,0.020544,0.020906,0.020906,2255477
2020-04-03,0.020918,0.021005,0.020916,0.021103,0.021103,1958094
2020-04-04,0.021121,0.021202,0.020906,0.021146,0.021146,1739587
2020-04-05,0.021152,0.021246,0.021159,0.021137,0.021137,1661137
2020-04-06,0.021146,0.023278,0.021137,0.023259,0.023259,2975390
2020-04-07,0.023261,0.023654,0.022915,0.023006,0.023006,3018129
2020-04-08,0.023025,0.023578,0.022938,0.023540,0.023540,2326545
2020-04-09,0.023556,0.023559,0.023388,0.023392,0.023392,2040744
2020-04-10,0.023395,0.023429,0.022746,0.023074,0.023074,2619032
2020-04-11,0.023092,0.023275,0.022864,0.023067,0.023067,1976225
2020-04-12,0.023069,0.023119,0.022939,0.023116,0.023116,2169491
2020-04-13,0.023055,0.023059,0.022629,0.022831,0.022831,2405433
2020-04-14,0.022842,0.023159,0.022805,0.023032,0.023032,2151745
2020-04-15,0.023028,0.023230,0.023021,0.023078,0.023078,2133622
2020-04-16,0.023065,0.024359,0.022894,0.024190,0.024190,3219207
2020-04-17,null,null,null,null,null,null
2020-04-18,0.024185,0.025882,0.024185,0.025754,0.025754,2777798
2020-04-19,0.025747,0.025880,0.025128,0.025261,0.025261,2663083
2020-04-20,0.025243,0.025720,0.024871,0.025036,0.025036,3090208
2020-04-21,0.024995,0.025308,0.024949,0.025106,0.025106,2392150
2020-04-22,0.025096,0.025775,0.025012,0.025656,0.025656,2528332
2020-04-23,0.025659,0.025345,0.025430,0.024904,0.024904,2863597
2020-04-24,0.024930,0.025150,0.024930,0.025062,0.025062,2223384
2020-04-25,0.025058,0.025916,0.025047,0.025828,0.025828,2412302
2020-04-26,0.025814,0.025903,0.025610,0.025693,0.025693,2387459
2020-04-27,0.025713,0.025655,0.025103,0.025299,0.025299,2394965
2020-04-28,0.025306,0.025463,0.025100,0.025415,0.025415,2333466
2020-04-29,0.025421,0.024897,0.025420,0.024653,0.024653,2999368
2020-04-30,0.024646,0.024147,0.023922,0.023977,0.023977,3244097
2020-05-01,0.024011,0.024075,0.023997,0.024165,0.024165,2348209
2020-05-02,0.024166,0.023965,0.024097,0.023955,0.023955,2031560
2020-05-03,0.023958,0.023921,0.023592,0.023707,0.023707,2300546
2020-05-04,0.023702,0.023710,0.023014,0.023357,0.023357,2535995
2020-05-05,0.023339,0.023375,0.023029,0.022967,0.022967,2110912
2020-05-06,0.022935,0.022665,0.022014,0.022015,0.022015,2194850
2020-05-07,0.022000,0.021848,0.022090,0.021332,0.021332,2370969
2020-05-08,0.021323,0.021680,0.021259,0.021640,0.021640,2077195
2020-05-09,0.021655,0.021680,0.021805,0.022056,0.022056,1975271
2020-05-10,0.022051,0.022051,0.021731,0.021538,0.021538,2879207
2020-05-11,0.021542,0.021332,0.021580,0.021613,0.021613,2331443
2020-05-12,0.021609,0.021412,0.021616,0.021502,0.021502,1805868
2020-05-13,0.021509,0.021512,0.021325,0.021488,0.021488,1839772
2020-05-14,0.021455,0.021123,0.021184,0.020850,0.020850,2070177
2020-05-15,0.020851,0.020867,0.020902,0.020971,0.020971,1779802
2020-05-16,0.020970,0.021398,0.020988,0.021401,0.021401,1640083
2020-05-17,0.021394,0.021427,0.021372,0.021421,0.021421,1599712
2020-05-18,0.021423,0.021862,0.021378,0.022056,0.022056,1790103
2020-05-19,0.022064,0.022064,0.022004,0.021940,0.021940,1474575
2020-05-20,0.021939,0.021906,0.021968,0.022062,0.022062,1336785
2020-05-21,0.022065,0.022170,0.021769,0.022009,0.022009,1465390
2020-05-22,0.022004,0.022712,0.021907,0.022561,0.022561,1311352
2020-05-23,0.022564,0.022695,0.022469,0.022661,0.022661,1158122
2020-05-24,0.022664,0.022746,0.023022,0.023022,0.023022,1346167
2020-05-25,0.022978,0.023110,0.022901,0.023052,0.023052,1169319
2020-05-26,0.023045,0.023075,0.022828,0.022852,0.022852,1149936
2020-05-27,0.022851,0.022749,0.022841,0.022749,0.022749,1157936
2020-05-28,0.022752,0.023092,0.022544,0.023079,0.023079,1282048
2020-05-29,0.023087,0.023461,0.023198,0.023379,0.023379,1299466
2020-05-30,0.023383,0.025230,0.023304,0.024983,0.024983,1549150
2020-05-31,0.024984,0.025213,0.024377,0.024413,0.024413,1293186
2020-06-01,0.024401,0.024381,0.024368,0.024293,0.024293,1372220
2020-06-02,0.024277,0.024933,0.024567,0.024892,0.024892,1446211
2020-06-03,0.024911,0.025286,0.024859,0.025286,0.025286,1021233
2020-06-04,0.025278,0.025403,0.024824,0.024940,0.024940,1037730
2020-06-05,0.024932,0.025139,0.024884,0.024957,0.024957,961557
2020-06-06,0.024955,0.025233,0.024912,0.025061,0.025061,840599
2020-06-07,0.025059,0.025137,0.024925,0.025123,0.025123,978074
2020-06-08,0.025124,0.025246,0.024856,0.025207,0.025207,826566
2020-06-09,0.025193,0.025318,0.025057,0.025002,0.025002,862271
2020-06-10,0.024993,0.025118,0.024853,0.025070,0.025070,890872
2020-06-11,0.025081,0.025162,0.024820,0.024856,0.024856,1325554
2020-06-12,0.024848,0.025126,0.024731,0.025050,0.025050,935461
2020-06-13,0.025055,0.025238,0.025098,0.025214,0.025214,753711
2020-06-14,0.025220,0.025226,0.024896,0.024941,0.024941,792538
2020-06-15,0.024935,0.024668,0.024579,0.024329,0.024329,1114848
2020-06-16,0.024312,0.024750,0.024251,0.024577,0.024577,835147
2020-06-17,0.024585,0.024769,0.024553,0.024580,0.024580,812361
2020-06-18,0.024567,0.024794,0.024389,0.024661,0.024661,713336
2020-06-19,0.024645,0.024676,0.024356,0.024455,0.024455,747885
2020-06-20,0.024438,0.024742,0.024416,0.024568,0.024568,670017
2020-06-21,0.024561,0.024743,0.024550,0.024613,0.024613,601959
2020-06-22,0.024614,0.025263,0.024625,0.025136,0.025136,941015
2020-06-23,0.025137,0.025374,0.025113,0.025353,0.025353,687930
2020-06-24,0.025358,0.025739,0.025033,0.025315,0.025315,946468
2020-06-25,0.025307,0.025353,0.025266,0.025143,0.025143,756672
2020-06-26,0.025136,0.025131,0.025157,0.025065,0.025065,784411
2020-06-27,0.025061,0.025250,0.024442,0.024649,0.024649,764852
2020-06-28,0.024644,0.024875,0.024363,0.024645,0.024645,678719
2020-06-29,0.024647,0.024968,0.024487,0.024828,0.024828,731832
2020-06-30,0.024804,0.025010,0.024734,0.024766,0.024766,666896
2020-07-01,0.024747,0.025102,0.024666,0.025044,0.025044,700424
2020-07-02,0.025063,0.025075,0.024923,0.025143,0.025143,680909
2020-07-03,0.025135,0.025083,0.024828,0.024802,0.024802,562217
2020-07-04,0.024792,0.025110,0.024790,0.025083,0.025083,572496
2020-07-05,0.025073,0.025157,0.024993,0.025090,0.025090,583227
2020-07-06,0.025092,0.025826,0.025047,0.025760,0.025760,936797
2020-07-07,0.025702,0.025935,0.025285,0.025840,0.025840,696207
2020-07-08,0.025849,0.026357,0.025768,0.026163,0.026163,1049240
2020-07-09,0.026171,0.026287,0.025954,0.026193,0.026193,908507
2020-07-10,0.026177,0.026219,0.025770,0.025972,0.025972,784731
2020-07-11,0.025978,0.025989,0.025907,0.025914,0.025914,610699
2020-07-12,0.025915,0.026125,0.025764,0.026102,0.026102,711087
2020-07-13,0.026107,0.026288,0.025800,0.025921,0.025921,842501
2020-07-14,0.025961,0.026126,0.025882,0.025988,0.025988,795985
2020-07-15,0.025981,0.026079,0.025842,0.025936,0.025936,673277
2020-07-16,0.025939,0.025990,0.025478,0.025584,0.025584,638624
2020-07-17,0.025590,0.025529,0.025526,0.025436,0.025436,640323
2020-07-18,0.025445,0.025712,0.025415,0.025711,0.025711,589298
2020-07-19,0.025708,0.025995,0.025612,0.025963,0.025963,680547
2020-07-20,0.025963,0.026030,0.025653,0.025769,0.025769,611146
2020-07-21,0.025785,0.026228,0.025746,0.026135,0.026135,726056
2020-07-22,0.026138,0.027674,0.026010,0.027526,0.027526,808586
2020-07-23,0.027546,0.029080,0.027519,0.028670,0.028670,1073085
2020-07-24,0.028673,0.029757,0.028379,0.029277,0.029277,992573
2020-07-25,0.029258,0.031670,0.029258,0.031420,0.031420,1114487
2020-07-26,0.031383,0.032483,0.031065,0.031261,0.031261,1211890
2020-07-27,0.031262,0.029317,0.031262,0.029253,0.029253,1423386
2020-07-28,0.029282,0.029106,0.028891,0.029017,0.029017,1132348
2020-07-29,0.029008,0.029391,0.028830,0.028665,0.028665,980035
2020-07-30,0.028661,0.030386,0.028746,0.030113,0.030113,1064482
2020-07-31,0.030117,0.030611,0.029972,0.030517,0.030517,1062449
2020-08-01,0.030538,0.033027,0.030558,0.032756,0.032756,1194366
2020-08-02,0.032786,0.034295,0.032267,0.033534,0.033534,1710730
2020-08-03,0.033576,0.034716,0.033455,0.034348,0.034348,1141228
2020-08-04,0.034336,0.035194,0.034443,0.034792,0.034792,1257080
2020-08-05,0.034777,0.034519,0.034613,0.034187,0.034187,1096062
2020-08-06,0.034186,0.034240,0.033405,0.033529,0.033529,959664
2020-08-07,0.033551,0.033505,0.032251,0.032712,0.032712,1099144
2020-08-08,0.032716,0.033519,0.032597,0.033519,0.033519,794795
2020-08-09,0.033631,0.033874,0.033272,0.033499,0.033499,809462
2020-08-10,0.033492,0.033175,0.033492,0.033329,0.033329,983812
2020-08-11,0.033330,0.033476,0.032942,0.033336,0.033336,1121089
2020-08-12,0.033308,0.033778,0.032621,0.033753,0.033753,1071113
2020-08-13,0.033737,0.036814,0.033449,0.036383,0.036383,1568236
2020-08-14,0.036377,0.037619,0.036091,0.037166,0.037166,1280037
2020-08-15,0.037180,0.037055,0.035992,0.036522,0.036522,1046383
2020-08-16,0.036521,0.036751,0.035317,0.036475,0.036475,1023208
2020-08-17,0.036490,0.035860,0.035760,0.035051,0.035051,1079375
2020-08-18,0.035062,0.035301,0.035032,0.035332,0.035332,998978
2020-08-19,0.035337,0.035521,0.033889,0.034568,0.034568,1117288
2020-08-20,0.034593,0.035190,0.034469,0.035059,0.035059,845489
2020-08-21,0.035034,0.035217,0.033454,0.033567,0.033567,1016330
2020-08-22,0.033559,0.033942,0.033361,0.033885,0.033885,867317
2020-08-23,0.033861,0.033941,0.033280,0.033552,0.033552,697592
2020-08-24,0.033578,0.034735,0.033452,0.034663,0.034663,877216
2020-08-25,0.034657,0.034699,0.033223,0.033785,0.033785,1093462
2020-08-26,0.033783,0.034114,0.033522,0.033640,0.033640,867603
2020-08-27,0.033652,0.034168,0.033303,0.033791,0.033791,923555
2020-08-28,0.033791,0.034512,0.033680,0.034297,0.034297,790182
2020-08-29,0.034281,0.035182,0.034167,0.034755,0.034755,762823
2020-08-30,0.034729,0.036595,0.034771,0.036579,0.036579,957345
2020-08-31,0.036589,0.037346,0.036148,0.037247,0.037247,1093651
2020-09-01,0.037230,0.040459,0.037163,0.039852,0.039852,1575774
2020-09-02,0.039849,0.040356,0.037527,0.038553,0.038553,1725232
2020-09-03,0.038570,0.039341,0.037337,0.037644,0.037644,1915303
2020-09-04,0.037546,0.037736,0.036348,0.036934,0.036934,1593170
2020-09-05,0.036915,0.037334,0.031331,0.032967,0.032967,2938183
2020-09-06,0.032974,0.034783,0.031716,0.034373,0.034373,2688982
2020-09-07,0.034381,0.034712,0.032751,0.034010,0.034010,2098798
2020-09-08,0.034061,0.034140,0.033029,0.033322,0.033322,1775786
2020-09-09,0.033344,0.034718,0.033125,0.034280,0.034280,1420371
2020-09-10,0.034311,0.036096,0.034280,0.035520,0.035520,3032009
2020-09-11,0.035522,0.036215,0.035064,0.036025,0.036025,2624410
2020-09-12,0.036016,0.037113,0.035644,0.037079,0.037079,1273242
2020-09-13,0.037111,0.036842,0.034310,0.035411,0.035411,1453531
2020-09-14,0.035423,0.035715,0.034692,0.035322,0.035322,1641884
2020-09-15,0.035311,0.035275,0.033746,0.033791,0.033791,1494921
2020-09-16,0.033782,0.033820,0.033317,0.033332,0.033332,1467677
2020-09-17,0.033337,0.035997,0.033298,0.035530,0.035530,1817476
2020-09-18,0.035559,0.035750,0.034740,0.035119,0.035119,1289072
2020-09-19,0.035090,0.034859,0.034647,0.034751,0.034751,995958
2020-09-20,0.034756,0.034756,0.033912,0.033922,0.033922,1123779
2020-09-21,0.033954,0.034226,0.032265,0.032668,0.032668,1662955
2020-09-22,0.032663,0.033037,0.032374,0.032690,0.032690,1208201
2020-09-23,0.032701,0.032936,0.031073,0.031288,0.031288,1175757
2020-09-24,0.031291,0.032800,0.031121,0.032468,0.032468,1250974
2020-09-25,0.032468,0.033288,0.031962,0.032935,0.032935,1146039
2020-09-26,0.032969,0.033042,0.032582,0.033018,0.033018,1026606
2020-09-27,0.032983,0.033558,0.032856,0.033161,0.033161,1063954
2020-09-28,0.033160,0.033645,0.033037,0.033143,0.033143,1130056
2020-09-29,0.033145,0.033224,0.032914,0.033193,0.033193,948536
2020-09-30,0.033191,0.033512,0.033098,0.033383,0.033383,906269
2020-10-01,0.033382,0.033812,0.033107,0.033263,0.033263,1163965
2020-10-02,0.033262,0.033265,0.032300,0.032766,0.032766,1224116
2020-10-03,0.032763,0.033201,0.032687,0.032924,0.032924,815179
2020-10-04,0.032919,0.033166,0.032756,0.033096,0.033096,872437
2020-10-05,0.033089,0.033112,0.032930,0.032824,0.032824,920363
2020-10-06,0.032811,0.032940,0.032115,0.032158,0.032158,1084251
2020-10-07,0.032165,0.032195,0.031766,0.032067,0.032067,987642
2020-10-08,0.032064,0.032392,0.031856,0.032197,0.032197,1054539
2020-10-09,null,null,null,null,null,null
2020-10-10,0.033025,0.033086,0.033021,0.032840,0.032840,1205564
2020-10-11,0.032836,0.033114,0.032754,0.032953,0.032953,1105438
2020-10-12,null,null,null,null,null,null
2020-10-13,null,null,null,null,null,null
2020-10-14,0.033430,0.033561,0.033045,0.033202,0.033202,1217799
2020-10-15,0.033177,0.033361,0.032844,0.032834,0.032834,1301760
2020-10-16,0.032871,0.032951,0.032308,0.032346,0.032346,1295763
2020-10-17,0.032327,0.032561,0.032298,0.032475,0.032475,964168
2020-10-18,0.032464,0.033004,0.032417,0.032936,0.032936,962010
2020-10-19,0.032958,0.032521,0.032708,0.032357,0.032357,1091058
2020-10-20,0.032338,0.032422,0.030925,0.030977,0.030977,1153172
2020-10-21,0.030971,0.030472,0.030983,0.030583,0.030583,1578432
2020-10-22,0.030529,0.031922,0.030583,0.031912,0.031912,1216488
2020-10-23,0.031934,0.032201,0.031608,0.031687,0.031687,1102438
2020-10-24,0.031687,0.031692,0.031625,0.031466,0.031466,930858
2020-10-25,0.031466,0.031384,0.031149,0.031173,0.031173,835704
2020-10-26,0.031173,0.031344,0.029882,0.030125,0.030125,1159113
2020-10-27,0.030125,0.029999,0.029788,0.029588,0.029588,1020962
2020-10-28,0.029588,0.029797,0.029287,0.029285,0.029285,1151090
2020-10-29,0.029285,0.029003,0.029303,0.028779,0.028779,961497
2020-10-30,0.028779,0.028726,0.028459,0.028260,0.028260,1010448
2020-10-31,0.028260,0.028018,0.028186,0.028052,0.028052,818298
2020-11-01,0.028052,0.028690,0.028262,0.028853,0.028853,762544
2020-11-02,0.028853,0.029203,0.028735,0.028276,0.028276,1032994
2020-11-03,0.028276,0.027899,0.027833,0.027785,0.027785,902382
2020-11-04,0.027785,0.028671,0.027791,0.028453,0.028453,1070213
2020-11-05,0.028453,0.026734,0.027624,0.026577,0.026577,991069
2020-11-06,0.026577,0.029220,0.026669,0.029213,0.029213,1075320
2020-11-07,0.029213,0.029654,0.029505,0.029373,0.029373,1272321
2020-11-08,0.029373,0.029276,0.029354,0.029300,0.029300,729503
2020-11-09,0.029301,0.029007,0.029194,0.028969,0.028969,893819
2020-11-10,0.028969,0.029404,0.028794,0.029408,0.029408,790691
2020-11-11,0.029408,0.029814,0.029399,0.029485,0.029485,896446
2020-11-12,0.029485,0.029018,0.028317,0.028324,0.028324,791168
2020-11-13,0.028324,0.029122,0.028232,0.029086,0.029086,808412
2020-11-14,0.029086,0.029120,0.028762,0.028637,0.028637,641769
2020-11-15,0.028637,0.028700,0.027816,0.028050,0.028050,646082
2020-11-16,0.028050,0.027582,0.028028,0.027521,0.027521,684603
2020-11-17,0.027788,0.027263,0.027808,0.027223,0.027223,827017
2020-11-18,0.027222,0.026995,0.026625,0.026931,0.026931,1004280
2020-11-19,0.026931,0.026799,0.026777,0.026471,0.026471,700110
2020-11-20,0.026471,0.027577,0.026471,0.027374,0.027374,1000463
2020-11-21,0.027374,0.029515,0.027175,0.029475,0.029475,1113445
2020-11-22,0.029475,0.031138,0.029054,0.030379,0.030379,1195811
2020-11-23,0.030379,0.033127,0.030622,0.033133,0.033133,1485086
2020-11-24,0.033137,0.033614,0.031043,0.031605,0.031605,1218464
2020-11-25,0.031606,0.031628,0.030118,0.030466,0.030466,1072409
2020-11-26,0.030457,0.030524,0.029659,0.030250,0.030250,1813579
2020-11-27,0.030268,0.030466,0.030018,0.030248,0.030248,983792
2020-11-28,0.030254,0.030717,0.030039,0.030379,0.030379,833657
2020-11-29,0.030381,0.031697,0.030289,0.031674,0.031674,826160
2020-11-30,0.031674,0.031247,0.031092,0.031328,0.031328,1033172
2020-12-01,0.031340,0.032006,0.030301,0.031236,0.031236,1445459
2020-12-02,0.031232,0.031325,0.031138,0.031162,0.031162,879288
2020-12-03,0.031168,0.031813,0.031049,0.031715,0.031715,830335
2020-12-04,0.031716,0.031740,0.030418,0.030447,0.030447,873679
2020-12-05,0.030447,0.031147,0.030254,0.031147,0.031147,704701
2020-12-06,0.031146,0.031441,0.030925,0.031114,0.031114,583656
2020-12-07,0.031108,0.031092,0.030924,0.030839,0.030839,558602
2020-12-08,0.030842,0.030947,0.030227,0.030283,0.030283,785918
2020-12-09,0.030282,0.031273,0.029603,0.030909,0.030909,854586
2020-12-10,0.030910,0.030986,0.030612,0.030642,0.030642,639069
2020-12-11,0.030642,0.030675,0.030491,0.030223,0.030223,614590
2020-12-12,0.030211,0.030316,0.030193,0.030237,0.030237,453878
2020-12-13,0.030239,0.030734,0.030065,0.030804,0.030804,473837
2020-12-14,0.030810,0.030611,0.030282,0.030447,0.030447,422195
2020-12-15,0.030448,0.030592,0.030432,0.030352,0.030352,480332
2020-12-16,0.030354,0.029668,0.030128,0.029853,0.029853,742225
2020-12-17,0.029852,0.028726,0.027886,0.028190,0.028190,1117270
2020-12-18,0.028192,0.028655,0.028101,0.028300,0.028300,680972
2020-12-19,0.028292,0.027778,0.028127,0.027621,0.027621,537536
2020-12-20,0.027616,0.027879,0.026900,0.027188,0.027188,569736
2020-12-21,0.027189,0.026897,0.026958,0.026743,0.026743,632348
2020-12-22,0.026725,0.026730,0.026276,0.026694,0.026694,620017
2020-12-23,0.026692,0.026622,0.024488,0.025115,0.025115,656649
2020-12-24,0.025133,0.025935,0.024833,0.025767,0.025767,603195
2020-12-25,0.025765,0.025770,0.025765,0.025397,0.025397,548187
2020-12-26,0.025401,0.024573,0.024970,0.024051,0.024051,558350
2020-12-27,0.024053,0.025969,0.023021,0.025983,0.025983,993197
2020-12-28,0.026005,0.027493,0.026005,0.026967,0.026967,894323
2020-12-29,0.026966,0.027338,0.026603,0.026734,0.026734,683809
2020-12-30,0.026733,0.026190,0.026038,0.026061,0.026061,599653
2020-12-31,0.026061,0.025810,0.025727,0.025440,0.025440,480208
2021-01-01,0.025437,0.025473,0.024930,0.024864,0.024864,464763
2021-01-02,0.024865,0.023743,0.024583,0.024108,0.024108,614455
2021-01-03,0.024108,0.030294,0.023758,0.029757,0.029757,1378819
2021-01-04,0.029805,0.034985,0.031762,0.032536,0.032536,1781125
2021-01-05,0.032575,0.034451,0.032395,0.032360,0.032360,1221917
2021-01-06,0.032390,0.032843,0.031606,0.032780,0.032780,1213868
2021-01-07,0.032806,0.031973,0.031885,0.031131,0.031131,1027863
2021-01-08,0.031139,0.030490,0.028993,0.030007,0.030007,1086702
2021-01-09,0.029995,0.032014,0.029510,0.031824,0.031824,825574
2021-01-10,0.031819,0.032873,0.033166,0.032908,0.032908,1058934
2021-01-11,0.032892,0.032892,0.030257,0.030651,0.030651,1707600
2021-01-12,0.030605,0.031643,0.030885,0.030759,0.030759,1105287
2021-01-13,0.030768,0.030244,0.030467,0.030301,0.030301,806879
2021-01-14,0.030288,0.031283,0.029552,0.031093,0.031093,852595
2021-01-15,0.031180,0.031617,0.031285,0.031821,0.031821,976828
2021-01-16,0.031811,0.034454,0.032399,0.034096,0.034096,893336
2021-01-17,0.034094,0.034559,0.033934,0.034371,0.034371,817463
2021-01-18,0.034375,0.034275,0.033875,0.034324,0.034324,704816
2021-01-19,0.034328,0.037980,0.034336,0.038184,0.038184,1308461
2021-01-20,0.038127,0.038647,0.036330,0.038885,0.038885,1316090
2021-01-21,0.038897,0.038897,0.036217,0.036384,0.036384,1490071
2021-01-22,0.036297,0.037616,0.036148,0.037464,0.037464,1330626
2021-01-23,0.037426,0.038429,0.038106,0.038387,0.038387,849888
2021-01-24,0.038394,0.043129,0.038538,0.043098,0.043098,1127868
2021-01-25,0.043068,0.044712,0.040578,0.040919,0.040919,1346019
2021-01-26,0.040899,0.042015,0.040077,0.041666,0.041666,1276423
2021-01-27,0.041705,0.042147,0.041224,0.041179,0.041179,1294483
2021-01-28,0.041117,0.041556,0.040788,0.038789,0.038789,1188979
2021-01-29,0.040910,0.037436,0.038795,0.040288,0.040288,1562284
2021-01-30,0.040279,0.040389,0.040235,0.040156,0.040156,893405
2021-01-31,0.040176,0.040284,0.039819,0.039710,0.039710,760965
2021-02-01,0.039707,0.040997,0.039348,0.040822,0.040822,870994
2021-02-02,0.040835,0.043236,0.040603,0.042669,0.042669,1279549
2021-02-03,0.042657,0.044324,0.042033,0.044324,0.044324,1117487
2021-02-04,0.044331,0.044371,0.042956,0.043188,0.043188,1202318
2021-02-05,0.043189,0.046202,0.043189,0.045057,0.045057,1051497
2021-02-06,0.045034,0.045105,0.042379,0.042730,0.042730,1015469
2021-02-07,0.042724,0.043012,0.040104,0.041493,0.041493,1025345
2021-02-08,0.041478,0.040138,0.041025,0.037808,0.037808,1039307
2021-02-09,0.037815,0.038713,0.037414,0.038038,0.038038,950509
2021-02-10,0.038038,0.039168,0.038409,0.038832,0.038832,933165
2021-02-11,0.038820,0.037724,0.038638,0.037233,0.037233,751868
2021-02-12,0.037226,0.038986,0.037089,0.038807,0.038807,797919
2021-02-13,0.038817,0.039121,0.038095,0.038512,0.038512,750644
2021-02-14,0.038517,0.037688,0.037068,0.037052,0.037052,645338
2021-02-15,0.037044,0.037647,0.036215,0.037121,0.037121,812505
2021-02-16,0.037104,0.036899,0.035995,0.036201,0.036201,696534
2021-02-17,0.036206,0.035437,0.035230,0.035446,0.035446,689475
2021-02-18,0.035441,0.037377,0.035441,0.037489,0.037489,546749
2021-02-19,0.037517,0.035899,0.037151,0.035073,0.035073,470025
2021-02-20,0.035068,0.035527,0.033485,0.034217,0.034217,618474
2021-02-21,0.034201,0.033938,0.033925,0.033639,0.033639,410611
2021-02-22,0.033639,0.033654,0.032279,0.032874,0.032874,782360
2021-02-23,0.032863,0.032863,0.030009,0.032160,0.032160,1065652
2021-02-24,0.032186,0.033578,0.031976,0.032724,0.032724,630295
2021-02-25,0.032701,0.032165,0.031033,0.031335,0.031335,519849
2021-02-26,0.031398,0.032231,0.031586,0.031205,0.031205,678381
2021-02-27,0.031224,0.031640,0.031673,0.031609,0.031609,449076
2021-02-28,0.031607,0.031509,0.029958,0.031372,0.031372,612282
2021-03-01,0.031396,0.031500,0.031370,0.031527,0.031527,484228
2021-03-02,0.031514,0.031966,0.030778,0.030852,0.030852,465567
2021-03-03,0.030828,0.031574,0.030696,0.031181,0.031181,448666
2021-03-04,0.031157,0.031450,0.031693,0.031752,0.031752,471696
2021-03-05,0.031744,0.031392,0.031024,0.031338,0.031338,430581
2021-03-06,0.031319,0.034059,0.032137,0.033831,0.033831,465041
2021-03-07,0.033844,0.033753,0.032764,0.033651,0.033651,464977
2021-03-08,0.033672,0.035084,0.033587,0.035117,0.035117,528858
2021-03-09,0.035125,0.034073,0.033529,0.034073,0.034073,427937
2021-03-10,0.034082,0.033676,0.033056,0.032123,0.032123,449113
2021-03-11,0.032103,0.031971,0.031829,0.031592,0.031592,415415
2021-03-12,0.031598,0.031717,0.031199,0.030909,0.030909,391331
2021-03-13,0.030911,0.031563,0.030754,0.031427,0.031427,408449
2021-03-14,0.031414,0.031391,0.031005,0.031273,0.031273,326203
2021-03-15,0.031265,0.031205,0.031534,0.032048,0.032048,469434
2021-03-16,0.032061,0.032440,0.032108,0.031810,0.031810,419480
2021-03-17,0.031812,0.031639,0.032013,0.030974,0.030974,416384
2021-03-18,0.030969,0.031258,0.029389,0.030814,0.030814,402079
2021-03-19,0.030809,0.031107,0.030824,0.031152,0.031152,364191
2021-03-20,0.031150,0.031252,0.031103,0.031084,0.031084,388891
2021-03-21,0.031084,0.031033,0.031429,0.031087,0.031087,399444
2021-03-22,0.031089,0.031104,0.030779,0.031017,0.031017,432783
2021-03-23,0.031009,0.030831,0.031089,0.030666,0.030666,401875
2021-03-24,0.030655,0.030528,0.029864,0.030193,0.030193,591729
2021-03-25,0.030188,0.030564,0.029851,0.030856,0.030856,573461
2021-03-26,0.030853,0.030885,0.030842,0.030884,0.030884,408952
2021-03-27,0.030887,0.030644,0.030858,0.030666,0.030666,323408
2021-03-28,0.030665,0.030549,0.030318,0.030229,0.030229,296680
2021-03-29,0.030228,0.031645,0.030466,0.031510,0.031510,394744
2021-03-30,0.031506,0.031484,0.031225,0.031332,0.031332,382106
2021-03-31,0.031334,0.032796,0.031060,0.032559,0.032559,513026
2021-04-01,0.032573,0.033552,0.032676,0.033459,0.033459,523121
2021-04-02,0.033453,0.036145,0.033287,0.036091,0.036091,587066
2021-04-03,0.036085,0.036120,0.035213,0.035213,0.035213,555718
2021-04-04,0.035200,0.035881,0.034926,0.035622,0.035622,442599
2021-04-05,0.035625,0.035748,0.035200,0.035692,0.035692,489171
2021-04-06,0.035719,0.036267,0.035671,0.036403,0.036403,502177
2021-04-07,0.036392,0.036546,0.034950,0.035167,0.035167,644370
2021-04-08,0.035132,0.035851,0.035019,0.035810,0.035810,434006
2021-04-09,0.035813,0.035879,0.035378,0.035576,0.035576,340157
2021-04-10,0.035559,0.036022,0.035524,0.035722,0.035722,417877
2021-04-11,0.035726,0.035986,0.035668,0.035839,0.035839,327097
2021-04-12,0.035834,0.035944,0.035258,0.035719,0.035719,362776
2021-04-13,0.035720,0.036549,0.035706,0.036206,0.036206,463859
2021-04-14,0.036208,0.038859,0.036099,0.038585,0.038585,563983
2021-04-15,0.038600,0.040122,0.038324,0.039788,0.039788,510560
2021-04-16,0.039748,0.040106,0.038173,0.039497,0.039497,587872
2021-04-17,0.039465,0.039938,0.038591,0.038641,0.038641,533088
2021-04-18,0.038667,0.038805,0.036022,0.039795,0.039795,901811
2021-04-19,0.039811,0.039814,0.038367,0.038873,0.038873,611236
2021-04-20,0.038797,0.041241,0.038504,0.041262,0.041262,698271
2021-04-21,0.041279,0.043828,0.041067,0.043868,0.043868,721608
2021-04-22,0.043740,0.047987,0.045328,0.046434,0.046434,1035038
2021-04-23,0.046390,0.046922,0.044276,0.046260,0.046260,1084556
2021-04-24,0.046331,0.046341,0.044190,0.044188,0.044188,636437
2021-04-25,0.044243,0.046688,0.045979,0.047262,0.047262,649216
2021-04-26,0.047332,0.046950,0.047150,0.046916,0.046916,651743
2021-04-27,0.046908,0.048674,0.046521,0.048387,0.048387,586483
2021-04-28,0.048420,0.050318,0.047567,0.050094,0.050094,625065
2021-04-29,0.050135,0.051435,0.049804,0.051477,0.051477,608310
2021-04-30,0.051493,0.051159,0.051176,0.048021,0.048021,515621
2021-05-01,0.048014,0.050986,0.047869,0.050942,0.050942,496752
2021-05-02,0.050937,0.052506,0.050756,0.052128,0.052128,494993
2021-05-03,0.052112,0.060094,0.052112,0.059984,0.059984,859686
2021-05-04,0.059985,0.063102,0.059040,0.061005,0.061005,1170034
2021-05-05,0.060760,0.061976,0.060208,0.061347,0.061347,841707
2021-05-06,0.061384,0.062682,0.059794,0.061899,0.061899,785517
2021-05-07,0.061885,0.062382,0.060816,0.060756,0.060756,690546
2021-05-08,0.060708,0.067160,0.060564,0.066367,0.066367,853831
2021-05-09,0.066517,0.068141,0.066248,0.067468,0.067468,868389
2021-05-10,0.067392,0.072543,0.066676,0.070754,0.070754,1122306
2021-05-11,0.070682,0.073588,0.069026,0.073516,0.073516,929021
2021-05-12,0.073621,0.076751,0.077026,0.077026,0.077026,1404326
2021-05-13,0.077902,0.079344,0.075032,0.074727,0.074727,1576915
2021-05-14,0.074827,0.081517,0.074135,0.081777,0.081777,965793
2021-05-15,0.081714,0.082135,0.077804,0.077804,0.077804,907232
2021-05-16,0.077883,0.078755,0.075523,0.077224,0.077224,1019447
2021-05-17,0.077091,0.077423,0.073791,0.075392,0.075392,1241728
2021-05-18,0.075265,0.078068,0.074967,0.078772,0.078772,941904
2021-05-19,0.078833,0.078949,0.061663,0.066500,0.066500,2283171
2021-05-20,0.065932,0.070840,0.060855,0.068271,0.068271,1657830
2021-05-21,0.067978,0.070351,0.062656,0.065156,0.065156,1441483
2021-05-22,0.065300,0.065189,0.060965,0.061159,0.061159,1121303
2021-05-23,0.061230,0.062379,0.055639,0.060671,0.060671,1610721
2021-05-24,0.060394,0.068091,0.059987,0.068299,0.068299,1387308
2021-05-25,0.068440,0.069373,0.064718,0.070481,0.070481,1290507
2021-05-26,0.070492,0.071440,0.069779,0.073515,0.073515,1081579
2021-05-27,0.073516,0.073516,0.070946,0.071194,0.071194,868269
2021-05-28,0.071350,0.071223,0.067079,0.067789,0.067789,1120499
2021-05-29,0.067625,0.069039,0.064976,0.065851,0.065851,975666
2021-05-30,0.065816,0.068721,0.065160,0.066996,0.066996,725280
2021-05-31,0.066909,0.072713,0.066180,0.072723,0.072723,830566
2021-06-01,0.072525,0.072421,0.070549,0.071787,0.071787,745898
2021-06-02,0.071813,0.073635,0.070906,0.072019,0.072019,737808
2021-06-03,0.072079,0.073521,0.071518,0.072819,0.072819,766109
2021-06-04,0.072871,0.072871,0.071262,0.072862,0.072862,926261
2021-06-05,0.072955,0.074512,0.073085,0.073992,0.073992,857806
2021-06-06,0.073969,0.075491,0.073794,0.075709,0.075709,705799
2021-06-07,0.075652,0.077610,0.077078,0.077181,0.077181,911784
2021-06-08,0.077311,0.077044,0.074109,0.075209,0.075209,1252060
2021-06-09,0.074993,0.071576,0.074014,0.069842,0.069842,966012
2021-06-10,0.069919,0.069840,0.067938,0.067339,0.067339,783422
2021-06-11,0.067376,0.067307,0.062744,0.063046,0.063046,665139
2021-06-12,0.063072,0.067869,0.063425,0.066732,0.066732,723560
2021-06-13,0.066738,0.065047,0.066143,0.064157,0.064157,692952
2021-06-14,0.064166,0.064551,0.063652,0.063722,0.063722,685402
2021-06-15,0.064219,0.065062,0.063232,0.065021,0.065021,722328
2021-06-16,0.063376,0.063154,0.061654,0.061743,0.061743,628521
2021-06-17,0.061734,0.062468,0.060988,0.062333,0.062333,574760
2021-06-18,0.062401,0.062396,0.060711,0.062361,0.062361,635780
2021-06-19,0.062457,0.062868,0.061103,0.061167,0.061167,526896
2021-06-20,0.060965,0.063451,0.061317,0.062926,0.062926,631289
2021-06-21,0.062897,0.063312,0.059655,0.059616,0.059616,1065300
2021-06-22,0.059560,0.060260,0.058896,0.057681,0.057681,1093571
2021-06-23,0.057794,0.059606,0.057520,0.059124,0.059124,844147
2021-06-24,0.058506,0.058189,0.058281,0.057366,0.057366,584865
2021-06-25,0.057388,0.057030,0.056123,0.057312,0.057312,719846
2021-06-26,0.057238,0.056766,0.056968,0.056833,0.056833,641191
2021-06-27,0.056888,0.057244,0.055365,0.057112,0.057112,573901
2021-06-28,0.057183,0.061642,0.057148,0.060395,0.060395,740964
2021-06-29,0.060505,0.061360,0.060270,0.060243,0.060243,691850
2021-06-30,0.060339,0.065279,0.060138,0.064911,0.064911,737084
2021-07-01,0.064907,0.064907,0.062785,0.062957,0.062957,865650
2021-07-02,0.062847,0.063936,0.061493,0.063429,0.063429,938023
2021-07-03,0.063452,0.064444,0.063371,0.064211,0.064211,502858
2021-07-04,0.064224,0.066402,0.063674,0.065794,0.065794,532397
2021-07-05,0.065800,0.065800,0.065125,0.065151,0.065151,595739
2021-07-06,0.065131,0.066963,0.065131,0.067903,0.067903,610245
2021-07-07,0.067860,0.068976,0.067586,0.068384,0.068384,661590
2021-07-08,0.068466,0.068732,0.064170,0.064483,0.064483,705291
2021-07-09,0.064347,0.065153,0.063422,0.063515,0.063515,681388
2021-07-10,0.063524,0.064022,0.062325,0.062988,0.062988,524501
2021-07-11,0.062973,0.062894,0.062452,0.062490,0.062490,429477
2021-07-12,0.062514,0.062825,0.061066,0.061429,0.061429,535897
2021-07-13,0.061350,0.061266,0.059407,0.059326,0.059326,508275
2021-07-14,0.059359,0.061279,0.058729,0.060761,0.060761,528384
2021-07-15,0.060773,0.061461,0.059788,0.060136,0.060136,493635
2021-07-16,0.060307,0.061232,0.059285,0.059844,0.059844,473706
2021-07-17,0.059732,0.060122,0.059230,0.060217,0.060217,423818
2021-07-18,0.060260,0.061682,0.059567,0.059615,0.059615,433750
2021-07-19,0.059536,0.060146,0.058849,0.058969,0.058969,459401
2021-07-20,0.059027,0.059292,0.058129,0.059969,0.059969,582695
2021-07-21,0.059927,0.061848,0.059478,0.062003,0.062003,661878
2021-07-22,0.062123,0.062871,0.061488,0.062674,0.062674,541436
2021-07-23,0.062671,0.063525,0.062220,0.063272,0.063272,482419
2021-07-24,0.063248,0.063793,0.062961,0.063840,0.063840,468250
2021-07-25,0.063779,0.063703,0.062150,0.061990,0.061990,412062
2021-07-26,0.061989,0.060166,0.061703,0.059816,0.059816,793152
2021-07-27,0.059731,0.060219,0.059013,0.058323,0.058323,585366
2021-07-28,0.058418,0.057383,0.057222,0.057420,0.057420,474831
2021-07-29,0.057481,0.059516,0.057671,0.059511,0.059511,407748
2021-07-30,0.059551,0.058897,0.060482,0.058410,0.058410,478574
2021-07-31,0.058282,0.060895,0.058424,0.060928,0.060928,432461
2021-08-01,0.060790,0.065007,0.061087,0.064087,0.064087,567806
2021-08-02,0.063985,0.066753,0.063258,0.066582,0.066582,565348
2021-08-03,0.066563,0.066416,0.063832,0.065587,0.065587,594888
2021-08-04,0.065750,0.069244,0.065410,0.068548,0.068548,629944
2021-08-05,0.068575,0.069206,0.067240,0.069179,0.069179,759928
2021-08-06,0.069184,0.068602,0.067574,0.067519,0.067519,619588
2021-08-07,0.067537,0.070966,0.067204,0.070860,0.070860,742473
2021-08-08,0.070950,0.070355,0.068058,0.068810,0.068810,649198
2021-08-09,0.068790,0.068627,0.066959,0.068324,0.068324,689809
2021-08-10,0.068220,0.070168,0.068294,0.068919,0.068919,605576
2021-08-11,0.068944,0.070186,0.068825,0.069401,0.069401,586245
2021-08-12,0.069400,0.070081,0.067802,0.068502,0.068502,571791
2021-08-13,0.068627,0.069546,0.068598,0.069512,0.069512,499418
2021-08-14,0.069524,0.069218,0.069575,0.069335,0.069335,421702
2021-08-15,0.069352,0.070330,0.068149,0.070366,0.070366,471150
2021-08-16,0.070343,0.069935,0.068531,0.068613,0.068613,501691
2021-08-17,0.068458,0.069935,0.067108,0.067453,0.067453,570732
2021-08-18,0.067389,0.068059,0.066658,0.067411,0.067411,480774
2021-08-19,0.067389,0.067917,0.067124,0.068126,0.068126,418393
2021-08-20,0.068115,0.067935,0.068126,0.066619,0.066619,423307
2021-08-21,0.066619,0.067389,0.065599,0.065966,0.065966,370387
2021-08-22,0.065969,0.066448,0.065008,0.065734,0.065734,324062
2021-08-23,0.065719,0.067040,0.065816,0.066993,0.066993,413980
2021-08-24,0.067106,0.067404,0.065848,0.066500,0.066500,421980
2021-08-25,0.066538,0.066127,0.065272,0.065867,0.065867,386079
2021-08-26,0.065946,0.065947,0.065867,0.066046,0.066046,370789
2021-08-27,0.065962,0.066915,0.065884,0.066667,0.066667,376888
2021-08-28,0.066759,0.066856,0.066327,0.066344,0.066344,280347
2021-08-29,0.066393,0.066295,0.065610,0.066087,0.066087,272305
2021-08-30,0.066091,0.068843,0.065670,0.068524,0.068524,410306
2021-08-31,0.068595,0.072009,0.068232,0.072800,0.072800,578385
2021-09-01,0.072737,0.078549,0.072464,0.078507,0.078507,615613
2021-09-02,0.078306,0.076906,0.074922,0.076853,0.076853,494395
2021-09-03,0.076782,0.078939,0.076547,0.078772,0.078772,523889
2021-09-04,0.078718,0.079192,0.077196,0.077843,0.077843,416601
2021-09-05,0.077813,0.077055,0.077469,0.076365,0.076365,354981
2021-09-06,0.076353,0.075760,0.075783,0.074636,0.074636,354806
2021-09-07,0.074601,0.074987,0.068548,0.073196,0.073196,835941
2021-09-08,0.073239,0.076120,0.072367,0.075878,0.075878,688598
2021-09-09,0.074907,0.076621,0.074322,0.073879,0.073879,519882
2021-09-10,0.073840,0.074757,0.071030,0.071551,0.071551,498084
2021-09-11,0.071496,0.073129,0.071517,0.072349,0.072349,412091
2021-09-12,0.072349,0.075177,0.072220,0.074032,0.074032,364942
2021-09-13,0.073974,0.074111,0.071315,0.073071,0.073071,505338
2021-09-14,0.073089,0.072818,0.072974,0.072818,0.072818,406125
2021-09-15,0.072861,0.075043,0.071962,0.075043,0.075043,364257
2021-09-16,0.074997,0.075802,0.074126,0.074739,0.074739,420521
2021-09-17,0.074703,0.074659,0.071635,0.071900,0.071900,374937
2021-09-18,0.071876,0.072790,0.071521,0.071088,0.071088,331312
2021-09-19,0.071114,0.071595,0.069957,0.070449,0.070449,301683
2021-09-20,0.070454,0.070801,0.068774,0.069065,0.069065,638872
2021-09-21,0.069492,0.071233,0.067117,0.067933,0.067933,747169
2021-09-22,0.067903,0.070433,0.067333,0.070635,0.070635,544862
2021-09-23,0.070637,0.070763,0.070326,0.070287,0.070287,412435
2021-09-24,0.070265,0.070289,0.067112,0.068433,0.068433,597469
2021-09-25,0.068415,0.069052,0.067411,0.068488,0.068488,443219
2021-09-26,0.068506,0.070958,0.067189,0.070872,0.070872,490013
2021-09-27,0.070954,0.071426,0.069436,0.069471,0.069471,453740
2021-09-28,0.069348,0.069451,0.068066,0.068413,0.068413,411728
2021-09-29,0.068462,0.069430,0.068031,0.068644,0.068644,379254
2021-09-30,0.068630,0.069252,0.068486,0.068546,0.068546,403304
2021-10-01,0.068533,0.068837,0.068491,0.068739,0.068739,463613
2021-10-02,0.068767,0.071866,0.068635,0.071088,0.071088,402475
2021-10-03,0.071068,0.071201,0.070940,0.070920,0.070920,321921
2021-10-04,0.070929,0.069528,0.069765,0.068823,0.068823,361354
2021-10-05,0.068857,0.068467,0.068491,0.068301,0.068301,322870
2021-10-06,0.068263,0.065940,0.066272,0.064676,0.064676,394773
2021-10-07,0.064608,0.066966,0.064067,0.066684,0.066684,354799
2021-10-08,0.066681,0.065746,0.065743,0.066035,0.066035,300587
2021-10-09,0.065965,0.065626,0.065757,0.065051,0.065051,231171
2021-10-10,0.065038,0.064805,0.062330,0.062548,0.062548,295258
2021-10-11,0.062436,0.063880,0.062102,0.061675,0.061675,323202
2021-10-12,0.061694,0.061694,0.059912,0.062322,0.062322,323148
2021-10-13,0.062325,0.062846,0.062478,0.062825,0.062825,282421
2021-10-14,0.062803,0.066784,0.062754,0.066049,0.066049,339201
2021-10-15,0.066121,0.062202,0.065621,0.062711,0.062711,340404
2021-10-16,0.062760,0.064425,0.062658,0.062904,0.062904,272253
2021-10-17,0.062896,0.064400,0.061451,0.062500,0.062500,258443
2021-10-18,0.062510,0.062370,0.061082,0.060438,0.060438,280305
2021-10-19,0.060413,0.060341,0.060343,0.060341,0.060341,248961
2021-10-20,0.060343,0.063123,0.060165,0.062976,0.062976,308190
2021-10-21,0.063063,0.066222,0.064439,0.065171,0.065171,453634
2021-10-22,0.065193,0.065842,0.064882,0.065415,0.065415,320188
2021-10-23,0.065434,0.067949,0.065475,0.067949,0.067949,240767
2021-10-24,0.067953,0.068098,0.066242,0.067091,0.067091,245821
2021-10-25,0.067034,0.066591,0.067051,0.066908,0.066908,253740
2021-10-26,0.066900,0.068877,0.068224,0.068437,0.068437,284239
2021-10-27,0.068384,0.070164,0.068252,0.068280,0.068280,409448